objectid,filename,title,creator,date,description,subject,location,format original,format,type,identifier,language,collection,linktocollection,rights,rightsstatement
nimitz74,https://tyvictoria.github.io/Nimitz-Images/nimitz74.jpg,Mary Nimitz and Caretaker,,1933~,Photograph of a young Mary Nimitz and her Amah (caretaker) standing on a lawn in front of an unknown building in China.,"Nimitz, Mary; Caretakers; Children",China,Black and White Photograph,image/jpeg,Image;StillImage,2005.661.259kk,eng,Nimitz Family Photograph Collection,https://digitalarchive.pacificwarmuseum.org/digital/collection/p16769coll79,Commercial use is prohibited without permission from the National Museum of the Pacific War.,https://creativecommons.org/licenses/
nimitz77,https://tyvictoria.github.io/Nimitz-Images/nimitz77.jpg,Fleet Admiral Chester W. Nimitz with Battha Sisters,,1950~,"Photograph of Magda Battha, Marta Battha, Fleet Admiral Chester W. Nimitz, Margit Battha, and Maria Battha on occasion of the Battha sisters becoming U.S. citizens.","Nimitz, Chester W.; Battha, Magda; Battha, Marta; Battha, Margit; Battha, Maria",United States,Black and White Photograph,image/jpeg,Image;StillImage,2005.661.259v,eng,Nimitz Family Photograph Collection,https://digitalarchive.pacificwarmuseum.org/digital/collection/p16769coll82,Commercial use is prohibited without permission from the National Museum of the Pacific War.,https://creativecommons.org/licenses/
nimitz78,https://tyvictoria.github.io/Nimitz-Images/nimitz78.jpg,Chester W. Nimitz and Catherine Freeman Nimitz with Children,,1920~,"Photograph of Chester W. Nimitz and Catherine Freeman Nimitz with two kids, Catherine (Kate) Nimitz and Chester (Chet) Nimitz, Jr. standing on a wooded pathway.","Nimitz, Chester W.; Nimitz, Catherine Freeman; Nimitz, Catherine; Nimitz, Kate; Nimitz, Chester, Jr.; Nimitz, Chet; Children",United States,Black and White Photograph,image/jpeg,Image;StillImage,2017.092.008b-125,eng,Nimitz Family Photograph Collection,https://digitalarchive.pacificwarmuseum.org/digital/collection/p16769coll83,Commercial use is prohibited without permission from the National Museum of the Pacific War.,https://creativecommons.org/licenses/
nimitz79,https://tyvictoria.github.io/Nimitz-Images/nimitz79.jpg,Commander Chester W. Nimitz Sits with His Children,,1920~,"Photograph of Navy Commander Chester W. Nimitz, dressed in uniform, sitting with Chester Nimitz Jr. (Chet) and Catherine Nimitz (Kate) on a grassy hill.","Nimitz, Chester W.; Nimitz, Catherine; Nimitz, Kate; Nimitz, Chester, Jr.; Nimitz, Chet; Children",United States,Black and White Photograph,image/jpeg,Image;StillImage,2017.092.008b-132,eng,Nimitz Family Photograph Collection,https://digitalarchive.pacificwarmuseum.org/digital/collection/p16769coll84,Commercial use is prohibited without permission from the National Museum of the Pacific War.,https://creativecommons.org/licenses/
nimitz80,https://tyvictoria.github.io/Nimitz-Images/nimitz80.jpg,Chester W. Nimitz Sits Outside With Kate Nimitz,,1930~,Photograph of Chester W. Nimitz and Catherine Nimitz (Kate) sitting on a grassy hillside.,"Nimitz, Chester W.; Nimitz, Catherine; Nimitz, Kate; Children",United States,Black and White Photograph,image/jpeg,Image;StillImage,2017.092.008b-135,eng,Nimitz Family Photograph Collection,https://digitalarchive.pacificwarmuseum.org/digital/collection/p16769coll85,Commercial use is prohibited without permission from the National Museum of the Pacific War.,https://creativecommons.org/licenses/
nimitz81,https://tyvictoria.github.io/Nimitz-Images/nimitz81.jpg,Chester W. Nimitz with Anna Nimitz and Dog,,1930~,"Photograph of Chester W. Nimitz, Anna Nimitz (Nancy) and dog, Polly, sitting on top of a large rock.","Nimitz, Chester W.; Nimitz, Anna; Nimitz, Nancy; Dogs; Polly",United States,Black and White Photograph,image/jpeg,Image;StillImage,2017.092.008b,eng,Nimitz Family Photograph Collection,https://digitalarchive.pacificwarmuseum.org/digital/collection/p16769coll86,Commercial use is prohibited without permission from the National Museum of the Pacific War.,https://creativecommons.org/licenses/
nimitz82,https://tyvictoria.github.io/Nimitz-Images/nimitz82.jpg,Admiral Chester W. Nimitz with Arms Crossed in Navy Uniform,,1940~,"Photograph of Admiral Chester W, Nimitz standing with his arms crossed and tight-lipped look.","United States. Navy; Nimitz, Chester W.;",United States,Black and White Photograph,image/jpeg,Image;StillImage,2017.092.008d-h,eng,Nimitz Family Photograph Collection,https://digitalarchive.pacificwarmuseum.org/digital/collection/p16769coll87,Commercial use is prohibited without permission from the National Museum of the Pacific War.,https://creativecommons.org/licenses/
nimitz83,https://tyvictoria.github.io/Nimitz-Images/nimitz83.jpg,Admiral Chester W. Nimitz Sits in Armchair,,1940~,Photograph of Admiral Chester W. Nimitz as he sits in a dark colored armchair with his hands clasped in his lap.,"United States. Navy; Nimitz, Chester W.",United States - California - Alameda County - Berkeley,Black and White Photograph,image/jpeg,Image;StillImage,2017.092.008d-hh,eng,Nimitz Family Photograph Collection,https://digitalarchive.pacificwarmuseum.org/digital/collection/p16769coll88,Commercial use is prohibited without permission from the National Museum of the Pacific War.,https://creativecommons.org/licenses/
nimitz84,https://tyvictoria.github.io/Nimitz-Images/nimitz84.jpg,Admiral Chester W. Nimitz Sits on Destroyer,,1940~,Photograph of Admiral Chester W. Nimitz sitting on destroyer.,"United States. Navy; Nimitz, Chester W.; Ships; Destroyers",United States,Black and White Photograph,image/jpeg,Image;StillImage,2017.092.008d-j,eng,Nimitz Family Photograph Collection,https://digitalarchive.pacificwarmuseum.org/digital/collection/p16769coll89,Commercial use is prohibited without permission from the National Museum of the Pacific War.,https://creativecommons.org/licenses/
nimitz85,https://tyvictoria.github.io/Nimitz-Images/nimitz85.jpg,"Chester W. Nimitz, Catherine Nimitz and Their Children",,1933~,"Photograph of Chester W. Nimitz, Catherine Nimitz and their children, Chester Nimitz Jr. (Chet), Anna Nimitz (Nancy), Catherine Nimitz (Kate) and Mary Nimitz (Sister Aquinas). ","Nimitz, Chester W.; Nimitz, Catherine Freeman; Nimitz, Catherine; Nimitz, Kate; Nimitz, Chester, Jr.; Nimitz, Chet; Nimitz, Anna; Nimitz, Nancy; Nimitz, Mary; Sister Aquinas; Children; Dogs",United States,Black and White Photograph,image/jpeg,Image;StillImage,2017.092.008d-l,eng,Nimitz Family Photograph Collection,https://digitalarchive.pacificwarmuseum.org/digital/collection/p16769coll90,Commercial use is prohibited without permission from the National Museum of the Pacific War.,https://creativecommons.org/licenses/
nimitz86,https://tyvictoria.github.io/Nimitz-Images/nimitz86.jpg,Portrait of Fleet Admiral Chester W. Nimitz's Side Profile,,1944~,Portrait of Admiral Chester W. Nimitz's Side Profile.,"United States. Navy; Nimitz, Chester W.; Portraits",United States,Black and White Photograph,image/jpeg,Image;StillImage,2017.092.008d-o,eng,Nimitz Family Photograph Collection,https://digitalarchive.pacificwarmuseum.org/digital/collection/p16769coll91,Commercial use is prohibited without permission from the National Museum of the Pacific War.,https://creativecommons.org/licenses/
nimitz87,https://tyvictoria.github.io/Nimitz-Images/nimitz87.jpg,Chester W. Nimitz and Guests at Corpus Christi Naval Air Station,,1940~,Photograph of Chester W. Nimitz sitting at a dinner table with unidentified guests at an event held at the Corpus Christi Naval Air Station.,"United States. Navy; Nimitz, Chester W.; Parties; Naval Bases; Corpus Christi Naval Air Station ",United States - Texas - Nueces County - Corpus Christi,Black and White Photograph,image/jpeg,Image;StillImage,2017.092.008d-qq,eng,Nimitz Family Photograph Collection,https://digitalarchive.pacificwarmuseum.org/digital/collection/p16769coll92,Commercial use is prohibited without permission from the National Museum of the Pacific War.,https://creativecommons.org/licenses/
nimitz88,https://tyvictoria.github.io/Nimitz-Images/nimitz88.jpg,"Lady Keyes, Chester W. Nimitz, Robert Keyes, and Robert L. Ghormley",,1941~,"Photograph of Lady Keyes, Admiral Chester W. Nimitz, Royal Navy Admiral of the Fleet Robert Keyes, and Vice Admiral Robert L. Ghormley.","United States. Navy; Nimitz, Chester W.; Keyes, Eva; Keyes, Robert; Ghormley, Robert L.",United States,Black and White Photograph,image/jpeg,Image;StillImage,2017.092.008d-ss,eng,Nimitz Family Photograph Collection,https://digitalarchive.pacificwarmuseum.org/digital/collection/p16769coll93,Commercial use is prohibited without permission from the National Museum of the Pacific War.,https://creativecommons.org/licenses/
nimitz90,https://tyvictoria.github.io/Nimitz-Images/nimitz90.jpg,Chester W. Nimitz and Doyle,,1945~,Photograph of Chester W. Nimitz with Doyle and two unidentified people. ,"United States. Navy; Nimitz, Chester W.; Doyle, Robert;",United States,Black and White Photograph,image/jpeg,Image;StillImage,2017_092_008c_b,eng,Nimitz Family Photograph Collection,https://digitalarchive.pacificwarmuseum.org/digital/collection/p16769coll95,Commercial use is prohibited without permission from the National Museum of the Pacific War.,https://creativecommons.org/licenses/
nimitz91,https://tyvictoria.github.io/Nimitz-Images/nimitz91.jpg,Admiral Frank B. Upham and Captain Chester W. Nimitz,,1933~,Photograph of Admiral Upham and Chester W. Nimitz on board the U.S.S. Augusta.,"United States. Navy; Nimitz, Chester W.; Upham, Frank B.; Ships; U.S.S. Augusta",United States,Black and White Photograph,image/jpeg,Image;StillImage,2017_092_008c_e,eng,Nimitz Family Photograph Collection,https://digitalarchive.pacificwarmuseum.org/digital/collection/p16769coll96,Commercial use is prohibited without permission from the National Museum of the Pacific War.,https://creativecommons.org/licenses/
nimitz92,https://tyvictoria.github.io/Nimitz-Images/nimitz92.jpg,Chester W. Nimitz and Naval Officers on the U.S.S. Augusta,,1933~,"Photograph of Admiral Frank B. Upham, Captain Chester W. Nimitz, Executive Officer Francis E. M. Whiting and several other unidentified Naval officers on the deck of the U.S.S. Augusta. Handwritten labels above three men on front: 'Adm. Upham CINC Asiatic/C.W. Nimitz C.O./F.E.M. Whiting Exec'.","United States. Navy; Nimitz, Chester W.; Upham, Frank B.; Whiting, Francis E. M.; Ships; U.S.S. Augusta",United States,Black and White Photograph,image/jpeg,Image;StillImage,2017_092_008c_g,eng,Nimitz Family Photograph Collection,https://digitalarchive.pacificwarmuseum.org/digital/collection/p16769coll97,Commercial use is prohibited without permission from the National Museum of the Pacific War.,https://creativecommons.org/licenses/
nimitz93,https://tyvictoria.github.io/Nimitz-Images/nimitz93.jpg,Portrait of Captain Chester W. Nimitz,,1933~,Photograph of Captain Chester W. Nimtz from the waist up on board the U.S.S. Augusta. ,"United States. Navy; Nimitz, Chester W.; Ships; U.S.S. Augusta",United States,Black and White Photograph,image/jpeg,Image;StillImage,2017_092_008c_h,eng,Nimitz Family Photograph Collection,https://digitalarchive.pacificwarmuseum.org/digital/collection/p16769coll98,Commercial use is prohibited without permission from the National Museum of the Pacific War.,https://creativecommons.org/licenses/
nimitz94,https://tyvictoria.github.io/Nimitz-Images/nimitz94.jpg,Nimitz Family with Unidentified Couple,,1920~,"Photograph of two unidentified people stand with Chester W. Nimitz, Catherine Nimitz, Catherine Nimitz (Kate), Chester Nimitz Jr. (Chet), and Anna Elizabeth Nimitz (Nancy). ","Nimitz, Chester W.; Nimitz, Catherine Freeman; Nimitz, Catherine; Nimitz, Kate; Nimitz, Chester, Jr.; Nimitz, Chet; Nimitz, Anna; Nimitz, Nancy; Children",United States,Black and White Photograph,image/jpeg,Image;StillImage,2017.092.008b-166,eng,Nimitz Family Photograph Collection,https://digitalarchive.pacificwarmuseum.org/digital/collection/p16769coll99,Commercial use is prohibited without permission from the National Museum of the Pacific War.,https://creativecommons.org/licenses/
nimitz95,https://tyvictoria.github.io/Nimitz-Images/nimitz95.jpg,Chester W. Nimitz Enters Doorway,,1960~,Color Photograph of Chester W. Nimitz entering through a blue French door to a fenced in patio area. ,"Nimitz, Chester W.",United States - California - Monterey County - Monterey,Color Photograph,image/jpeg,Image;StillImage,2017.092.008b-179-181,eng,Nimitz Family Photograph Collection,https://digitalarchive.pacificwarmuseum.org/digital/collection/p16769coll100,Commercial use is prohibited without permission from the National Museum of the Pacific War.,https://creativecommons.org/licenses/
nimitz97,https://tyvictoria.github.io/Nimitz-Images/nimitz97.jpg,Chester W. Nimitz and Children Cleaning Fish,,1930~,Photograph of Chester W. Nimitz and children cleaning fish.,"Nimitz, Chester W.; Nimitz, Chester, Jr.; Children; Fishing",United States - California - Lake County - Clearlake,Black and White Photograph,image/jpeg,Image;StillImage,2017.092.008b-206-208,eng,Nimitz Family Photograph Collection,https://digitalarchive.pacificwarmuseum.org/digital/collection/p16769coll102,Commercial use is prohibited without permission from the National Museum of the Pacific War.,https://creativecommons.org/licenses/
nimitz98,https://tyvictoria.github.io/Nimitz-Images/nimitz98.jpg,Lieutenant Commander Murphy in Uniform,,1940~,Photograph of Lieutenant Commander Murphy standing on a stretch of road with his arms by his side.,"United States. Navy; Murphy, John W., Jr.",United States,Black and White Photograph,image/jpeg,Image;StillImage,2017.092.008b-215-219-,eng,Nimitz Family Photograph Collection,https://digitalarchive.pacificwarmuseum.org/digital/collection/p16769coll103,Commercial use is prohibited without permission from the National Museum of the Pacific War.,https://creativecommons.org/licenses/
nimitz99,https://tyvictoria.github.io/Nimitz-Images/nimitz99.jpg,Chester W. Nimitz and Mary Nimitz,,1933~,Photograph of Chester W. Nimitz and daughter Mary Nimitz in front of a body of water containing U.S. Destroyers and French Flagships.,"Nimitz, Chester W.; Nimitz, Mary; Ships; Destroyers; Children",United States,Black and White Photograph,image/jpeg,Image;StillImage,2017.092.008b-224-226,eng,Nimitz Family Photograph Collection,https://digitalarchive.pacificwarmuseum.org/digital/collection/p16769coll104,Commercial use is prohibited without permission from the National Museum of the Pacific War.,https://creativecommons.org/licenses/
nimitz100,https://tyvictoria.github.io/Nimitz-Images/nimitz100.jpg,Chester W. Nimitz Sits on Steps,,1930~,Photograph of Chester W. Nimitz sits at the top of some wooden steps in an open doorway.,"Nimitz, Chester W.",United States,Black and White Photograph,image/jpeg,Image;StillImage,2017.092.008b-239-241,eng,Nimitz Family Photograph Collection,https://digitalarchive.pacificwarmuseum.org/digital/collection/p16769coll105,Commercial use is prohibited without permission from the National Museum of the Pacific War.,https://creativecommons.org/licenses/
nimitz101,https://tyvictoria.github.io/Nimitz-Images/nimitz101.jpg,Men Holding Deer Tied to Pole,,1907~,Photograph of five unidentified men holding four deer tied upside down to a pole with U.S.S. Decatur docked in the background.,Ships; U.S.S. Decantur; Deer; Docks,Philippines - Central Luzon Region - Zambales Province - Olongapo,Black and White Photograph,image/jpeg,Image;StillImage,2017.092.008b-242-244,eng,Nimitz Family Photograph Collection,https://digitalarchive.pacificwarmuseum.org/digital/collection/p16769coll106,Commercial use is prohibited without permission from the National Museum of the Pacific War.,https://creativecommons.org/licenses/
nimitz102,https://tyvictoria.github.io/Nimitz-Images/nimitz102.jpg,Portrait of a Young Chester W. Nimitz,,1890~,Photograph of a young Chester W. Nimitz from about the mid-torso up.,"Nimitz, Chester W.; Portraits",United States,Black and White Photograph,image/jpeg,Image;StillImage,2005.661.259d,eng,Nimitz Family Photograph Collection,https://digitalarchive.pacificwarmuseum.org/digital/collection/p16769coll107,Commercial use is prohibited without permission from the National Museum of the Pacific War.,https://creativecommons.org/licenses/
nimitz103,https://tyvictoria.github.io/Nimitz-Images/nimitz103.jpg,Catherine Freeman Nimitz at San Pasqual's Battle Monument,,1932~,"Photograph of Catherine Freeman Nimitz at San Pasqual's Battle Monument, California. ","Nimitz, Catherine Freeman; San Pasqual's Battle Monument;",United States - California - San Diego County - San Diego,Black and White Photograph,image/jpeg,Image;StillImage,2005.661.259f,eng,Nimitz Family Photograph Collection,https://digitalarchive.pacificwarmuseum.org/digital/collection/p16769coll108,Commercial use is prohibited without permission from the National Museum of the Pacific War.,https://creativecommons.org/licenses/
nimitz104,https://tyvictoria.github.io/Nimitz-Images/nimitz104.jpg,Catherine Freeman Nimitz at a Well,,1920~,"Photograph of Catherine Nimitz sits at a stone well in a floral blazer and skirt, white gloves, a white clutch, white shoes and a dark floppy hat.","Nimitz, Catherine Freeman",United States,Black and White Photograph,image/jpeg,Image;StillImage,2005.661.259g,eng,Nimitz Family Photograph Collection,https://digitalarchive.pacificwarmuseum.org/digital/collection/p16769coll109,Commercial use is prohibited without permission from the National Museum of the Pacific War.,https://creativecommons.org/licenses/
nimitz105,https://tyvictoria.github.io/Nimitz-Images/nimitz105.jpg,Catherine Freeman Nimitz with Family Car,,1930~,Photograph of Catherine Freeman Nimitz sits on bumper of family car.,"Nimitz, Catherine Freeman; Automobiles; Flying Cloud; Reo Car Motor Company",United States - California - Alameda County - Berkeley,Black and White Photograph,image/jpeg,Image;StillImage,2005.661.259j,eng,Nimitz Family Photograph Collection,https://digitalarchive.pacificwarmuseum.org/digital/collection/p16769coll110,Commercial use is prohibited without permission from the National Museum of the Pacific War.,https://creativecommons.org/licenses/
nimitz106,https://tyvictoria.github.io/Nimitz-Images/nimitz106.jpg,Catherine Freeman Nimitz with Her Children,,1960~,"Color photograph of Catherine Freeman Nimitz sitting with her children, Catherine Nimitz Lay, Chester Nimitz Jr. (Chet), Anna Nimitz (Nancy), and Mary Nimitz (Sister Aquinas).","Nimitz, Catherine Freeman; Nimitz, Catherine; Nimitz, Kate; Nimitz, Chester, Jr.; Nimitz, Chet; Nimitz, Anna; Nimitz, Nancy; Nimitz, Mary; Sister Aquinas; Children",United States,Color Photograph,image/jpeg,Image;StillImage,2017.092.008b-161,eng,Nimitz Family Photograph Collection,https://digitalarchive.pacificwarmuseum.org/digital/collection/p16769coll111,Commercial use is prohibited without permission from the National Museum of the Pacific War.,https://creativecommons.org/licenses/
nimitz107,https://tyvictoria.github.io/Nimitz-Images/nimitz107.jpg,Catherine Vance Freeman,,1910~,"Portrait of Catherine Vance Freeman standing in a floor length, short-sleeved dress made of a mix of florals, lace and a satiny material.","Nimitz, Catherine Freeman; Portraits",United States,Black and White Photograph,image/jpeg,Image;StillImage,2005.661.259c,eng,Nimitz Family Photograph Collection,https://digitalarchive.pacificwarmuseum.org/digital/collection/p16769coll112,Commercial use is prohibited without permission from the National Museum of the Pacific War.,https://creativecommons.org/licenses/
nimitz108,https://tyvictoria.github.io/Nimitz-Images/nimitz108.jpg,Catherine Freeman Nimitz Sits at Desk,,1940~,"Photograph of Catherine Nimitz sits at her desk at Navy Relief in the Oak Knoll Naval Hospital, Oakland, California. ","Nimitz, Catherine Freeman; Portraits; Oak Knoll Naval Hospital; United States. Navy",United States - California - Alameda County - Oakland,Black and White Photograph,image/jpeg,Image;StillImage,2005.661.259t,eng,Nimitz Family Photograph Collection,https://digitalarchive.pacificwarmuseum.org/digital/collection/p16769coll113,Commercial use is prohibited without permission from the National Museum of the Pacific War.,https://creativecommons.org/licenses/
nimitz109,https://tyvictoria.github.io/Nimitz-Images/nimitz109.jpg,Fleet Admiral Chester W. Nimitz Stands in Front of a Map,,1944~,Photograph of Fleet Admiral Chester W. Nimitz stands in front of a map of the Pacific.,"Nimitz, Chester W.; United States. Navy; Maps; Pacific Fleet",United States,Black and White Photograph,image/jpeg,Image;StillImage,2005.661.258a-a,eng,Nimitz Family Photograph Collection,https://digitalarchive.pacificwarmuseum.org/digital/collection/p16769coll114,Commercial use is prohibited without permission from the National Museum of the Pacific War.,https://creativecommons.org/licenses/
nimitz110,https://tyvictoria.github.io/Nimitz-Images/nimitz110.jpg,Portrait of Rear Admiral Chester W. Nimitz,Official U.S. Navy Photograph,1938~,Portrait of Rear Admiral Chester W. Nimitz.,"Nimitz, Chester W.; United States. Navy; Portraits",United States,Black and White Photograph,image/jpeg,Image;StillImage,2005.661.258a-ll,eng,Nimitz Family Photograph Collection,https://digitalarchive.pacificwarmuseum.org/digital/collection/p16769coll115,Commercial use is prohibited without permission from the National Museum of the Pacific War.,https://creativecommons.org/licenses/
nimitz111,https://tyvictoria.github.io/Nimitz-Images/nimitz111.jpg,Catherine Freeman Nimitz Sits with Captain Robin Quigley,,1973?,"Photograph of Catherine Freeman Nimitz sitting with Captain Robin Quigley, U.S.N. ","Nimitz, Catherine Freeman; Quigley, Robin; United States. Navy",United States,Black and White Photograph,image/jpeg,Image;StillImage,2005.661.259w,eng,Nimitz Family Photograph Collection,https://digitalarchive.pacificwarmuseum.org/digital/collection/p16769coll116,Commercial use is prohibited without permission from the National Museum of the Pacific War.,https://creativecommons.org/licenses/
nimitz112,https://tyvictoria.github.io/Nimitz-Images/nimitz112.jpg,Captain Chester W. Nimitz and Baby,,1932?,"Photograph of Captain Chester W. Nimitz leaning down to an unidentified baby, possibly Mary Nimitz, who has her hand placed on his face. ","Nimitz, Chester W.; Nimitz, Mary; Babies; Children",United States,Black and White Photograph,image/jpeg,Image;StillImage,2017.092.008b-130,eng,Nimitz Family Photograph Collection,https://digitalarchive.pacificwarmuseum.org/digital/collection/p16769coll117,Commercial use is prohibited without permission from the National Museum of the Pacific War.,https://creativecommons.org/licenses/
nimitz113,https://tyvictoria.github.io/Nimitz-Images/nimitz113.jpg,Chester W. Nimitz with Baby in Carriage,,1915?,"Photograph of Chester W. Nimitz stands with unidentified baby, probably Catherine Nimitz (Kate), in baby carriage on a sidewalk. ","Nimitz, Chester W.; Nimitz, Catherine; Nimitz, Kate; Babies; Children",United States,Black and White Photograph,image/jpeg,Image;StillImage,2017.092.008b-141,eng,Nimitz Family Photograph Collection,https://digitalarchive.pacificwarmuseum.org/digital/collection/p16769coll118,Commercial use is prohibited without permission from the National Museum of the Pacific War.,https://creativecommons.org/licenses/
nimitz114,https://tyvictoria.github.io/Nimitz-Images/nimitz114.jpg,Fleet Admiral Chester W. Nimitz Salutes from Parade Car,,1945?,Photograph of Fleet Admiral Chester W. Nimitz saluting as his parade car travels down the parade route in Washington D.C..,"Nimitz, Chester W.; United States. Navy; Parades; Automobiles; Flags",United States - Washington D.C.,Black and White Photograph,image/jpeg,Image;StillImage,2017.092.008e-c,eng,Nimitz Family Photograph Collection,https://digitalarchive.pacificwarmuseum.org/digital/collection/p16769coll119,Commercial use is prohibited without permission from the National Museum of the Pacific War.,https://creativecommons.org/licenses/
nimitz115,https://tyvictoria.github.io/Nimitz-Images/nimitz115.jpg,Admiral Chester W. Nimitz Stands at Podium,Official U.S. Navy Photograph,1945?,Photograph of Admiral Chester W. Nimitz stands at a wooden podium with a standing microphone in front of it.,"Nimitz, Chester W.; United States. Navy; Speeches",United States,Black and White Photograph,image/jpeg,Image;StillImage,2017.092.008e-d,eng,Nimitz Family Photograph Collection,https://digitalarchive.pacificwarmuseum.org/digital/collection/p16769coll120,Commercial use is prohibited without permission from the National Museum of the Pacific War.,https://creativecommons.org/licenses/
nimitz116,https://tyvictoria.github.io/Nimitz-Images/nimitz116.jpg,Fleet Admiral Chester W. Nimitz in Parade Car With J. Edgar Hoover,,1945?,"Photograph of Fleet Admiral Chester W. Nimitz sits in the back of a parade car decorated with red, white and blue next to J. Edgar Hoover.","Nimitz, Chester W.; Hoover, J. Edgar; Parades; Flags; Automobiles",United States,Black and White Photograph,image/jpeg,Image;StillImage,2017.092.008e-f,eng,Nimitz Family Photograph Collection,https://digitalarchive.pacificwarmuseum.org/digital/collection/p16769coll121,Commercial use is prohibited without permission from the National Museum of the Pacific War.,https://creativecommons.org/licenses/
nimitz117,https://tyvictoria.github.io/Nimitz-Images/nimitz117.jpg,U.S.S. Sicard in Panama Canal,,1921?,Photograph of Destroyer U.S.S. Sicard as it sails through the Panama Canal.,Ships; U.S.S. Sicard; Destroyers; Panama Canal,Panama,Black and White Photograph,image/jpeg,Image;StillImage,2017.092.008b-182-184,eng,Nimitz Family Photograph Collection,https://digitalarchive.pacificwarmuseum.org/digital/collection/p16769coll122,Commercial use is prohibited without permission from the National Museum of the Pacific War.,https://creativecommons.org/licenses/
nimitz118,https://tyvictoria.github.io/Nimitz-Images/nimitz118.jpg,Landscape View of Jiaozhou Bay,,1934?,Photograph of landscape view of Jiaozhou Bay.,Jiaozhou Bay,China - Shandong Province - Shinan District - Qingdao,Black and White Photograph,image/jpeg,Image;StillImage,2017.092.008b-227-229,eng,Nimitz Family Photograph Collection,https://digitalarchive.pacificwarmuseum.org/digital/collection/p16769coll123,Commercial use is prohibited without permission from the National Museum of the Pacific War.,https://creativecommons.org/licenses/
nimitz121,https://tyvictoria.github.io/Nimitz-Images/nimitz121.jpg,U.S.S. Brant in Panama Canal,,1946?,Photograph of U.S.S. Brant in Panama Canal. ,U.S.S. Brant; Ships; Panama Canal,Panama,Black and White Photograph,image/jpeg,Image;StillImage,2017.092.008b-257-259,eng,Nimitz Family Photograph Collection,https://digitalarchive.pacificwarmuseum.org/digital/collection/p16769coll126,Commercial use is prohibited without permission from the National Museum of the Pacific War.,https://creativecommons.org/licenses/
nimitz122,https://tyvictoria.github.io/Nimitz-Images/nimitz122.jpg,U.S.S. West Virginia,,1927?,Photograph of U.S.S. West Virginia.,U.S.S. West Virginia; Ships; Panama Canal,Panama,Black and White Photograph,image/jpeg,Image;StillImage,2017.092.008b-284-286,eng,Nimitz Family Photograph Collection,https://digitalarchive.pacificwarmuseum.org/digital/collection/p16769coll127,Commercial use is prohibited without permission from the National Museum of the Pacific War.,https://creativecommons.org/licenses/
nimitz123,https://tyvictoria.github.io/Nimitz-Images/nimitz123.jpg,Captain Chester W. Nimitz Participates in Ceremony,,1933?,Photograph of Captain Chester W. Nimitz participates in ceremony on board the U.S.S. Augusta.,"United States. Navy; Nimitz, Chester; Ships; U.S.S. Augusta",United States,Black and White Photograph,image/jpeg,Image;StillImage,2017.092.008c-m,eng,Nimitz Family Photograph Collection,https://digitalarchive.pacificwarmuseum.org/digital/collection/p16769coll128,Commercial use is prohibited without permission from the National Museum of the Pacific War.,https://creativecommons.org/licenses/
nimitz124,https://tyvictoria.github.io/Nimitz-Images/nimitz124.jpg,U.S.S. Augusta,,1933?,"Photograph of the U.S.S. Augusta on the ocean, an American flag can be seen waving from aboard.",United States. Navy; Ships; U.S.S. Augusta; Flags,United States,Black and White Photograph,image/jpeg,Image;StillImage,2017.092.008c-n,eng,Nimitz Family Photograph Collection,https://digitalarchive.pacificwarmuseum.org/digital/collection/p16769coll129,Commercial use is prohibited without permission from the National Museum of the Pacific War.,https://creativecommons.org/licenses/
nimitz125,https://tyvictoria.github.io/Nimitz-Images/nimitz125.jpg,Captain Chester W. Nimitz Speaks to Crew Aboard U.S.S. Augusta,,1933?,Photograph of Captain Chester W. Nimitz speaking to officers and crew aboard U.S.S. Augusta.,"United States. Navy; Ships; U.S.S. Augusta; Nimitz, Chester W.",United States,Black and White Photograph,image/jpeg,Image;StillImage,2017.092.008c-o,eng,Nimitz Family Photograph Collection,https://digitalarchive.pacificwarmuseum.org/digital/collection/p16769coll130,Commercial use is prohibited without permission from the National Museum of the Pacific War.,https://creativecommons.org/licenses/
nimitz126,https://tyvictoria.github.io/Nimitz-Images/nimitz126.jpg,Captain Chester W. Nimitz Departing U.S.S. Augusta on Row Boat,,1933?,Photograph of Captain Chester W. Nimitz departing U.S.S. Augusta on a wooden rowboat with fourteen other men.t,"United States. Navy; Ships; U.S.S. Augusta; Nimitz, Chester W.",United States,Black and White Photograph,image/jpeg,Image;StillImage,2017.092.008c-q,eng,Nimitz Family Photograph Collection,https://digitalarchive.pacificwarmuseum.org/digital/collection/p16769coll131,Commercial use is prohibited without permission from the National Museum of the Pacific War.,https://creativecommons.org/licenses/
nimitz127,https://tyvictoria.github.io/Nimitz-Images/nimitz127.jpg,Captain Chester W. Nimitz Shakes Hands With Enlisted Man,,1933?,Photograph of Captain Chester W. Nimitz shakes hands with unidentified enlisted man on board U.S.S. Augusta. ,"United States. Navy; Ships; U.S.S. Augusta; Nimitz, Chester W.",United States,Black and White Photograph,image/jpeg,Image;StillImage,2017.092.008c-r,eng,Nimitz Family Photograph Collection,https://digitalarchive.pacificwarmuseum.org/digital/collection/p16769coll132,Commercial use is prohibited without permission from the National Museum of the Pacific War.,https://creativecommons.org/licenses/
nimitz128,https://tyvictoria.github.io/Nimitz-Images/nimitz128.jpg,Enlisted U.S. Navy Men Lined Up for Captain Chester W. Nimitz,,1933?,Photograph of enlisted U.S. Navy men lined up in two rows on board U.S.S. Augusta as Captain Chester W. Nimitz and several other unnamed officers stand in between the rows. ,"United States. Navy; Ships; U.S.S. Augusta; Nimitz, Chester W.; Flags",United States,Black and White Photograph,image/jpeg,Image;StillImage,2017.092.008c-u,eng,Nimitz Family Photograph Collection,https://digitalarchive.pacificwarmuseum.org/digital/collection/p16769coll133,Commercial use is prohibited without permission from the National Museum of the Pacific War.,https://creativecommons.org/licenses/
nimitz129,https://tyvictoria.github.io/Nimitz-Images/nimitz129.jpg,Enlisted U.S. Navy Men as U.S. Naval Officers Walk By,,1933?,Photograph of Enlisted U.S. Navy men lined up on board U.S.S. Augusta with backs turned as U.S. Naval officers walk by.,"United States. Navy; Ships; U.S.S. Augusta; Nimitz, Chester W.",United States,Black and White Photograph,image/jpeg,Image;StillImage,2017.092.008c-v,eng,Nimitz Family Photograph Collection,https://digitalarchive.pacificwarmuseum.org/digital/collection/p16769coll134,Commercial use is prohibited without permission from the National Museum of the Pacific War.,https://creativecommons.org/licenses/
nimitz130,https://tyvictoria.github.io/Nimitz-Images/nimitz130.jpg,Unidentified U.S. Naval Officers and Enlisted Men On Board U.S.S. Augusta,,1933?,Photograph of unidentified U.S. Naval officers and enlisted men on board U.S.S. Augusta. ,"United States. Navy; Ships; U.S.S. Augusta; Nimitz, Chester W.",United States,Black and White Photograph,image/jpeg,Image;StillImage,2017.092.008c-w,eng,Nimitz Family Photograph Collection,https://digitalarchive.pacificwarmuseum.org/digital/collection/p16769coll135,Commercial use is prohibited without permission from the National Museum of the Pacific War.,https://creativecommons.org/licenses/
nimitz131,https://tyvictoria.github.io/Nimitz-Images/nimitz131.jpg,Captain Chester W. Nimitz Walking Between Two Rows of Enlisted U.S. Navy Men,,1933?,Photograph of enlisted U.S. Navy men lined up in two rows on board the U.S.S. Augusta as Captain Chester W. Nimitz walks in between the rows.,"United States. Navy; Ships; U.S.S. Augusta; Nimitz, Chester W.",United States,Black and White Photograph,image/jpeg,Image;StillImage,2017.092.008c-x,eng,Nimitz Family Photograph Collection,https://digitalarchive.pacificwarmuseum.org/digital/collection/p16769coll136,Commercial use is prohibited without permission from the National Museum of the Pacific War.,https://creativecommons.org/licenses/
nimitz132,https://tyvictoria.github.io/Nimitz-Images/nimitz132.jpg,"Captain Chester W. Nimitz Walking Between Two Rows of Enlisted U.S. Navy Men, #2",,1933?,Photograph of enlisted U.S. Navy men lined up in two rows on board the U.S.S. Augusta as Captain Chester W. Nimitz walks in between the rows.,"United States. Navy; Ships; U.S.S. Augusta; Nimitz, Chester W.",United States,Black and White Photograph,image/jpeg,Image;StillImage,2017.092.008c-y,eng,Nimitz Family Photograph Collection,https://digitalarchive.pacificwarmuseum.org/digital/collection/p16769coll137,Commercial use is prohibited without permission from the National Museum of the Pacific War.,https://creativecommons.org/licenses/
nimitz133,https://tyvictoria.github.io/Nimitz-Images/nimitz133.jpg,U.S.S. Mississippi,,1934?,Photograph of the U.S.S. Mississippi possibly passing through the Panama Canal.,United States. Navy; Ships; U.S.S. Mississippi; Panama Canal,Panama,Black and White Photograph,image/jpeg,Image;StillImage,2017.092.008b-155,eng,Nimitz Family Photograph Collection,https://digitalarchive.pacificwarmuseum.org/digital/collection/p16769coll138,Commercial use is prohibited without permission from the National Museum of the Pacific War.,https://creativecommons.org/licenses/
nimitz134,https://tyvictoria.github.io/Nimitz-Images/nimitz134.jpg,Nimitz Family & Others on Board a Ship,,1918/1927~,"Photograph of Lieutenant Commander Dr. Bacon, Mrs. Richards, Catherine Nimitz, Commander Chester W. Nimitz, Catherine Nimitz (Kate), Anna Nimitz (Nancy), Chester Nimitz Jr. (Chet) posing on board unidentified ship. Estimated to be taken in 1923, as Chester W. Nimitz is still a commander, and Anna Nimitz appears to be no older than 4 of 5 years old.","Richards, Dicky; Nimitz, Chester W.; Nimitz, Catherine Freeman; Nimitz, Catherine; Nimitz, Kate; Nimitz, Nancy; Nimitz, Anna; Nimitz, Chester, Jr.; Children; Ships",United States,Black and White Photograph,image/jpeg,Image;StillImage,2017.092.008b-127,eng,Nimitz Family Photograph Collection,https://digitalarchive.pacificwarmuseum.org/digital/collection/p16769coll139,Commercial use is prohibited without permission from the National Museum of the Pacific War.,https://creativecommons.org/licenses/
nimitz135,https://tyvictoria.github.io/Nimitz-Images/nimitz135.jpg,Chester W. Nimitz Sits on Bench,,1920/1930?,"Photograph of Chester W. Nimitz sits on bench in front of mission, location unknown. Probably taken around 1930.","Nimitz, Chester W.",United States,Black and White Photograph,image/jpeg,Image;StillImage,2017.092.008b-140,eng,Nimitz Family Photograph Collection,https://digitalarchive.pacificwarmuseum.org/digital/collection/p16769coll140,Commercial use is prohibited without permission from the National Museum of the Pacific War.,https://creativecommons.org/licenses/
nimitz136,https://tyvictoria.github.io/Nimitz-Images/nimitz136.jpg,Chester W. Nimitz Sits with Chester Nimitz Jr.,,1910/1920~,Photograph of Chester W. Nimitz sits on beachside with Chester Nimitz Jr. ,"Nimitz, Chester W.; Nimitz, Chester, Jr.; Beaches; Children",United States,Black and White Photograph,image/jpeg,Image;StillImage,2017.092.008b-148,eng,Nimitz Family Photograph Collection,https://digitalarchive.pacificwarmuseum.org/digital/collection/p16769coll141,Commercial use is prohibited without permission from the National Museum of the Pacific War.,https://creativecommons.org/licenses/
nimitz137,https://tyvictoria.github.io/Nimitz-Images/nimitz137.jpg,Elizabeth Freeman and Chester W. Nimitz Play Cribbage,,1910/1920~,"Photograph of Elizabeth Freeman, sister of Catherine Freeman, and Chester W. Nimitz play cribbage.","Nimitz, Chester W.; Freeman, Elizabeth",United States,Black and White Photograph,image/jpeg,Image;StillImage,2017.092.008b-151,eng,Nimitz Family Photograph Collection,https://digitalarchive.pacificwarmuseum.org/digital/collection/p16769coll142,Commercial use is prohibited without permission from the National Museum of the Pacific War.,https://creativecommons.org/licenses/
nimitz138,https://tyvictoria.github.io/Nimitz-Images/nimitz138.jpg,Chester W. Nimitz Standing with Hand on Hip,,1910/1920~,Photograph of Chester W. Nimitz standing outside in a dark suit and tie with his hand on his hip.,"Nimitz, Chester W.",United States,Black and White Photograph,image/jpeg,Image;StillImage,2017.092.008b-153,eng,Nimitz Family Photograph Collection,https://digitalarchive.pacificwarmuseum.org/digital/collection/p16769coll143,Commercial use is prohibited without permission from the National Museum of the Pacific War.,https://creativecommons.org/licenses/
nimitz139,https://tyvictoria.github.io/Nimitz-Images/nimitz139.jpg,Captain Chester W. Nimitz and Toy Ship,,1927~,Photograph of a young Captain Chester W. Nimitz in his dark Naval Uniform with six buttons on the front a dark tie and a brimmed hat with the Navy's emblem on the front.,"Nimitz, Chester W.; Portraits; Flags",United States,Black and White Photograph,image/jpeg,Image;StillImage,2017.092.008b-154,eng,Nimitz Family Photograph Collection,https://digitalarchive.pacificwarmuseum.org/digital/collection/p16769coll144,Commercial use is prohibited without permission from the National Museum of the Pacific War.,https://creativecommons.org/licenses/
nimitz140,https://tyvictoria.github.io/Nimitz-Images/nimitz140.jpg,"Chester W. Nimitz, a Chief Petty Officer, Catherine Nimitz, and James T. Lay on the U.S.S. Helena",,1957~,"Photograph of Chester W. Nimitz, unidentified Naval Chief Petty Officer, Catherine Nimitz, and Captain James T. Lay on board the U.S.S. Helena. Estimated to be taken between 1957 and 1959 as that is when James T. lay was captain of the U.S.S. Helena","Nimitz, Chester W.; Nimitz, Catherine; Lay, James T.; United States. Navy; Ships; U.S.S. Helena",United States,Black and White Photograph,image/jpeg,Image;StillImage,2017.092.008d-rr,eng,Nimitz Family Photograph Collection,https://digitalarchive.pacificwarmuseum.org/digital/collection/p16769coll145,Commercial use is prohibited without permission from the National Museum of the Pacific War.,https://creativecommons.org/licenses/
nimitz142,https://tyvictoria.github.io/Nimitz-Images/nimitz142.jpg,Captain Chester W. Nimitz and U.S.S. Augusta Officers and Crew,,1933/1934,Photograph of Captain Chester W. Nimitz and U.S.S. Augusta officers and crew. ,"Nimitz, Chester W.; Ships; U.S.S. Augusta",United States,Black and White Photograph,image/jpeg,Image;StillImage,2017.092.008e-m,eng,Nimitz Family Photograph Collection,https://digitalarchive.pacificwarmuseum.org/digital/collection/p16769coll147,Commercial use is prohibited without permission from the National Museum of the Pacific War.,https://creativecommons.org/licenses/
nimitz143,https://tyvictoria.github.io/Nimitz-Images/nimitz143.jpg,Captain Chester W. Nimitz in Navy Uniform,,1933~,"Photograph of Captain Chester W. Nimitz taken from the chest up with him in his white Navy uniform aboard an unknown ship, Possibly the U.S.S. Augusta. Estimated to be taken around 1933.","Nimitz, Chester W.; Ships; U.S.S. Augusta; Portraits",United States,Black and White Photograph,image/jpeg,Image;StillImage,2017.092.008e-n,eng,Nimitz Family Photograph Collection,https://digitalarchive.pacificwarmuseum.org/digital/collection/p16769coll148,Commercial use is prohibited without permission from the National Museum of the Pacific War.,https://creativecommons.org/licenses/
nimitz145,https://tyvictoria.github.io/Nimitz-Images/nimitz145.jpg,"Mary Manson Freeman, Catherine Freeman, and Chester W. Nimitz Seated on Porch",,1910/1920~,"Photograph of Mary Manson Freeman, Catherine Freeman's mother, Catherine Freeman, and Chester W. Nimitz seated on porch. ","Freeman, Mary Manson; Nimitz, Catherine Freeman; Nimitz, Chester W.",United States,Black and White Photograph,image/jpeg,Image;StillImage,2017.092.008b-165,eng,Nimitz Family Photograph Collection,https://digitalarchive.pacificwarmuseum.org/digital/collection/p16769coll150,Commercial use is prohibited without permission from the National Museum of the Pacific War.,https://creativecommons.org/licenses/
nimitz146,https://tyvictoria.github.io/Nimitz-Images/nimitz146.jpg,Portrait of Catherine Vance Freeman,,1900/1910~,"Portrait of Catherine Vance Freeman, probably around age 16-19.","Nimitz, Catherine Freeman; Portraits",United States,Black and White Photograph,image/jpeg,Image;StillImage,2017.092.008b-185-187,eng,Nimitz Family Photograph Collection,https://digitalarchive.pacificwarmuseum.org/digital/collection/p16769coll151,Commercial use is prohibited without permission from the National Museum of the Pacific War.,https://creativecommons.org/licenses/
nimitz148,https://tyvictoria.github.io/Nimitz-Images/nimitz148.jpg,"Chester W. Nimitz and Children, #1",,1910/1920~,"Photograph of Chester W. Nimitz and three children, Catherine Nimitz (Kate), Madeline Peterson, and Chester Nimitz Jr. (Chet), stand outside a wooden fence.","Nimitz, Chester W.; Nimitz, Chester, Jr.; Nimitz, Catherine; Nimitz; Kate; Peterson, Madeline; Children",United States,Black and White Photograph,image/jpeg,Image;StillImage,2017.092.008b-254-256,eng,Nimitz Family Photograph Collection,https://digitalarchive.pacificwarmuseum.org/digital/collection/p16769coll153,Commercial use is prohibited without permission from the National Museum of the Pacific War.,https://creativecommons.org/licenses/
nimitz149,https://tyvictoria.github.io/Nimitz-Images/nimitz149.jpg,Photograph of Captain Chester W. Nimitz and officers of the U.S.S. Augusta.,,1933/1934~,Photograph of Captain Chester W. Nimitz and officers of the U.S.S. Augusta. ,"United States. Navy; Ships; U.S.S. Augusta; Nimitz, Chester W.",United States,Black and White Photograph,image/jpeg,Image;StillImage,2017.092.008c-l,eng,Nimitz Family Photograph Collection,https://digitalarchive.pacificwarmuseum.org/digital/collection/p16769coll154,Commercial use is prohibited without permission from the National Museum of the Pacific War.,https://creativecommons.org/licenses/
nimitz150,https://tyvictoria.github.io/Nimitz-Images/nimitz150.jpg,Unidentified U.S. Naval Officers Lined Up on Unknown Ship,,1941/1945~,"Photograph of U.S. Naval officers standing in full white uniforms in two lines on the deck of an unknown ship. The ship may possibly be the U.S.S. Augusta, and if it is then I disagree witht he date.",United States. Navy; Ships; U.S.S. Augusta; Ceremonies,United States,Black and White Photograph,image/jpeg,Image;StillImage,2017.092.008c-s,eng,Nimitz Family Photograph Collection,https://digitalarchive.pacificwarmuseum.org/digital/collection/p16769coll155,Commercial use is prohibited without permission from the National Museum of the Pacific War.,https://creativecommons.org/licenses/
nimitz151,https://tyvictoria.github.io/Nimitz-Images/nimitz151.jpg,Captain Chester W. Nimitz With Unknown Naval Officer,,1927/1938~,Photograph of Captain Chester W. Nimitz and an unknown Naval officer. The ship tehy are is most likely the U.S.S. Augusta,"United States. Navy; Ships; U.S.S. Augusta; Nimitz, Chester W.",United States,Black and White Photograph,image/jpeg,Image;StillImage,2017.092.008c-t,eng,Nimitz Family Photograph Collection,https://digitalarchive.pacificwarmuseum.org/digital/collection/p16769coll156,Commercial use is prohibited without permission from the National Museum of the Pacific War.,https://creativecommons.org/licenses/
nimitz152,https://tyvictoria.github.io/Nimitz-Images/nimitz152.jpg,Chester W. Nimitz Reads at Table with Children,,1930~,"Photograph of Chester W. Nimitz reads while he and his children, Chester Nimitz Jr. (Chet), Anna Elizabeth Nimitz (Nancy), and Catherine Nimitz (Kate) sit at a set table. Estimated to be taken in 1930, rigth before the birth of Chester W. Nimtz youngest daugher in 1931.","Nimitz, Anna; Nimitz, Nancy; Nimitz, Catherine; Nimitz, Kate; Nimitz, Chester, Jr.; Nimitz, Chester W.; Children",United States,Black and White Photograph,image/jpeg,Image;StillImage,2017.092.008b-156,eng,Nimitz Family Photograph Collection,https://digitalarchive.pacificwarmuseum.org/digital/collection/p16769coll157,Commercial use is prohibited without permission from the National Museum of the Pacific War.,https://creativecommons.org/licenses/
nimitz153,https://tyvictoria.github.io/Nimitz-Images/nimitz153.jpg,Portrait of Ensign Chester W. Nimitz framed in an elongated octagon.,,1907/1910~,Portrait of Ensign Chester W. Nimitz framed in an elongated octagon.,"United States. Navy; Nimitz, Chester W.; Portraits",United States,Black and White Photograph,image/jpeg,Image;StillImage,2005.661.258a-l,eng,Nimitz Family Photograph Collection,https://digitalarchive.pacificwarmuseum.org/digital/collection/p16769coll158,Commercial use is prohibited without permission from the National Museum of the Pacific War.,https://creativecommons.org/licenses/
nimitz154,https://tyvictoria.github.io/Nimitz-Images/nimitz154.jpg,Commander Chester W. Nimitz Between Two Lines of Enlisted Men,,1918/1927~,"Photograph of Commander Chester W. Nimitz standing between two lines of saluting enlisted men in dark sailors' uniforms on an unidentified ship. Handwritten on front: ""C.W. Nimitz [arrow points to Nimitz]"".","United States. Navy; Nimitz, Chester W.; Ships",United States,Black and White Photograph,image/jpeg,Image;StillImage,2005.661.258a-h,eng,Nimitz Family Photograph Collection,https://digitalarchive.pacificwarmuseum.org/digital/collection/p16769coll159,Commercial use is prohibited without permission from the National Museum of the Pacific War.,https://creativecommons.org/licenses/
nimitz155,https://tyvictoria.github.io/Nimitz-Images/nimitz155.jpg,Fleet Admiral Chester W. Nimitz at Beach in Hawaii,"Brenkus, Chuck",1944/1945~,Photograph of Fleet Admiral Chester W. Nimitz in patterned swim trunks in front of a barb wired fence at a beach in Hawaii.,"United States. Navy; Nimitz, Chester W.; Beaches; WW2",United States - Hawaii,Black and White Photograph,image/jpeg,Image;StillImage,2005.661.258a-rr,eng,Nimitz Family Photograph Collection,https://digitalarchive.pacificwarmuseum.org/digital/collection/p16769coll160,Commercial use is prohibited without permission from the National Museum of the Pacific War.,https://creativecommons.org/licenses/
nimitz156,https://tyvictoria.github.io/Nimitz-Images/nimitz156.jpg,Admiral Chester W. Nimitz Sits at a Desk,,1941/1944~,"Photograph of Chester W. Nimitz sitting at a desk is wearing a light-colored uniform with four stars pinned to either side of his collar, a dark tie and a tie clasp.","United States. Navy; Nimitz, Chester W.; Portraits; WW2",United States,Black and White Photograph,image/jpeg,Image;StillImage,2005.661.258a-nn,eng,Nimitz Family Photograph Collection,https://digitalarchive.pacificwarmuseum.org/digital/collection/p16769coll161,Commercial use is prohibited without permission from the National Museum of the Pacific War.,https://creativecommons.org/licenses/
nimitz157,https://tyvictoria.github.io/Nimitz-Images/nimitz157.jpg,"Captain Chester W. Nimitz and Officers of the U.S.S. Augusta, #2",, 1933/1934~,Photograph of Captain Chester W. Nimitz and officers of the U.S.S. Augusta.,"United States. Navy; Ships; U.S.S. Augusta; Nimitz, Chester W.",United States,Black and White Photograph,image/jpeg,Image;StillImage,2017.092.008c-j,eng,Nimitz Family Photograph Collection,https://digitalarchive.pacificwarmuseum.org/digital/collection/p16769coll162,Commercial use is prohibited without permission from the National Museum of the Pacific War.,https://creativecommons.org/licenses/
nimitz158,https://tyvictoria.github.io/Nimitz-Images/nimitz158.jpg,Portrait of Chester W. Nimitz from the shoulders up as he stands in front of map.,,1941/1945~,Portrait of Chester W. Nimitz from the shoulders up as he stands in front of map.,"United States. Navy; Nimitz, Chester W.; Portraits; WW2; Maps",United States,Black and White Photograph,image/jpeg,Image;StillImage,2005.661.258a-b,eng,Nimitz Family Photograph Collection,https://digitalarchive.pacificwarmuseum.org/digital/collection/p16769coll163,Commercial use is prohibited without permission from the National Museum of the Pacific War.,https://creativecommons.org/licenses/
nimitz159,https://tyvictoria.github.io/Nimitz-Images/nimitz159.jpg,Photograph of Portrait of Captain Chester W. Nimitz sitting in a chair in front of a map pinned to the wall.,,1927/1938~,Photograph of Portrait of Captain Chester W. Nimitz sitting in a chair in front of a map pinned to the wall.,"United States. Navy; Nimitz, Chester W.; Portraits; Maps",United States,Black and White Photograph,image/jpeg,Image;StillImage,2005.661.258a-e,eng,Nimitz Family Photograph Collection,https://digitalarchive.pacificwarmuseum.org/digital/collection/p16769coll164,Commercial use is prohibited without permission from the National Museum of the Pacific War.,https://creativecommons.org/licenses/
nimitz160,https://tyvictoria.github.io/Nimitz-Images/nimitz160.jpg,Portrait of Chester W. Nimitz.,,1935/1938~,Portrait of Chester W. Nimitz. The image is from his mid-torso upward and features him wearing a black suit and tie.,"United States. Navy; Nimitz, Chester W.; Portraits",United States,Black and White Photograph,image/jpeg,Image;StillImage,2005.661.258a-jj,eng,Nimitz Family Photograph Collection,https://digitalarchive.pacificwarmuseum.org/digital/collection/p16769coll165,Commercial use is prohibited without permission from the National Museum of the Pacific War.,https://creativecommons.org/licenses/
nimitz161,https://tyvictoria.github.io/Nimitz-Images/nimitz161.jpg,Captain Chester W. Nimitz as Assistant Chief of Bureau of Navigation,Official United States Navy Photograph,1935/1938~,Captain Chester W. Nimitz as Assistant Chief of Bureau of Navigation,"United States. Navy; Nimitz, Chester W.; Portraits",United States,Black and White Photograph,image/jpeg,Image;StillImage,2005.661.258a-kk,eng,Nimitz Family Photograph Collection,https://digitalarchive.pacificwarmuseum.org/digital/collection/p16769coll166,Commercial use is prohibited without permission from the National Museum of the Pacific War.,https://creativecommons.org/licenses/
nimitz162,https://tyvictoria.github.io/Nimitz-Images/nimitz162.jpg,Catherine Freeman Nimitz and Chester W. Nimitz,,19XX,Photograph of Catherine F. Nimitz standing with her hands clasped in front of her beside Chester W. Nimitz.,"Nimitz, Catherine Freeman; Nimitz, Chester W.",United States,Black and White Photograph,image/jpeg,Image;StillImage,2005.661.259p,eng,Nimitz Family Photograph Collection,https://digitalarchive.pacificwarmuseum.org/digital/collection/p16769coll167,Commercial use is prohibited without permission from the National Museum of the Pacific War.,https://creativecommons.org/licenses/
nimitz163,https://tyvictoria.github.io/Nimitz-Images/nimitz163.jpg,Chester W. Nimitz with Dog Polly,,19XX,"Photograph of Chester W. Nimitz sitting on a grassy hill holding a stick for his dog, Polly. ","Nimitz, Chester W.; Dogs; Polly",United States,Black and White Photograph,image/jpeg,Image;StillImage,2005.661.259r,eng,Nimitz Family Photograph Collection,https://digitalarchive.pacificwarmuseum.org/digital/collection/p16769coll168,Commercial use is prohibited without permission from the National Museum of the Pacific War.,https://creativecommons.org/licenses/
nimitz164,https://tyvictoria.github.io/Nimitz-Images/nimitz164.jpg,"Chester W. Nimitz Holds Baby, #1",,19XX,Photograph of Chester W. Nimitz sits outside in a chair wearing a light-colored suit and holding an unidentified baby in a long white dress.,"Nimitz, Chester W.; Babies",United States,Black and White Photograph,image/jpeg,Image;StillImage,2017.092.008b-126,eng,Nimitz Family Photograph Collection,https://digitalarchive.pacificwarmuseum.org/digital/collection/p16769coll169,Commercial use is prohibited without permission from the National Museum of the Pacific War.,https://creativecommons.org/licenses/
nimitz165,https://tyvictoria.github.io/Nimitz-Images/nimitz165.jpg,"Chester W. Nimitz Holds Baby, #2",,19XX,Photograph of Chester W. Nimitz's side profile as he holds an unidentified baby.,"Nimitz, Chester W.; Babies",United States,Black and White Photograph,image/jpeg,Image;StillImage,2017.092.008b-128,eng,Nimitz Family Photograph Collection,https://digitalarchive.pacificwarmuseum.org/digital/collection/p16769coll170,Commercial use is prohibited without permission from the National Museum of the Pacific War.,https://creativecommons.org/licenses/
nimitz166,https://tyvictoria.github.io/Nimitz-Images/nimitz166.jpg,"Chester W. Nimitz Holds Baby, #3",,19XX,Photograph of Chester W. Nimitz laying down on some grass and holding up an unidentified baby. ,"Nimitz, Chester W.; Babies",United States,Black and White Photograph,image/jpeg,Image;StillImage,2017.092.008b-131,eng,Nimitz Family Photograph Collection,https://digitalarchive.pacificwarmuseum.org/digital/collection/p16769coll171,Commercial use is prohibited without permission from the National Museum of the Pacific War.,https://creativecommons.org/licenses/
nimitz167,https://tyvictoria.github.io/Nimitz-Images/nimitz167.jpg,Chester W. Nimitz Sits with Dog Polly,,19XX,"Photograph of Chester W. Nimitz sits on a wooden plank with his dog, Polly.","Nimitz, Chester W.; Dogs; Polly",United States,Black and White Photograph,image/jpeg,Image;StillImage,2017.092.008b-133,eng,Nimitz Family Photograph Collection,https://digitalarchive.pacificwarmuseum.org/digital/collection/p16769coll172,Commercial use is prohibited without permission from the National Museum of the Pacific War.,https://creativecommons.org/licenses/
nimitz168,https://tyvictoria.github.io/Nimitz-Images/nimitz168.jpg,Man Plays with Dog,,19XX,"Photograph of an unidentified man, probably Chester W. Nimitz, standing on the right partially out of frame holding out a stick. A small dog, Polly, looks up at the stick.","Nimitz, Chester W.; Dogs; Polly",United States,Black and White Photograph,image/jpeg,Image;StillImage,2017.092.008b-136,eng,Nimitz Family Photograph Collection,https://digitalarchive.pacificwarmuseum.org/digital/collection/p16769coll173,Commercial use is prohibited without permission from the National Museum of the Pacific War.,https://creativecommons.org/licenses/
nimitz169,https://tyvictoria.github.io/Nimitz-Images/nimitz169.jpg,Chester W. Nimitz with Family,,1930~,Photograph of Chester W. Nimitz with Catherine Nimitz Lay (Kate) and unidentified woman and children and grandchildren sitting on a lawn in front of a house. Estimated to be taken around 1930/1933~ due to Chester W. Nimitz and Kate Nimitz apperance.,"Nimitz, Chester W.; Nimitz, Catherine; Nimitz, Kate; Children",United States,Black and White Photograph,image/jpeg,Image;StillImage,2017.092.008b-142,eng,Nimitz Family Photograph Collection,https://digitalarchive.pacificwarmuseum.org/digital/collection/p16769coll174,Commercial use is prohibited without permission from the National Museum of the Pacific War.,https://creativecommons.org/licenses/
nimitz170,https://tyvictoria.github.io/Nimitz-Images/nimitz170.jpg,Chester W. Nimitz Sits on Bench with Child,,19XX,"Photograph of Chester W. Nimitz sits on bench in front of mission, with unknown baby (possible Kate Nimitz).","Nimitz, Chester W.; Nimitz, Catherine; Nimitz, Kate; Children; Babies",United States,Black and White Photograph,image/jpeg,Image;StillImage,2017.092.008b-144,eng,Nimitz Family Photograph Collection,https://digitalarchive.pacificwarmuseum.org/digital/collection/p16769coll175,Commercial use is prohibited without permission from the National Museum of the Pacific War.,https://creativecommons.org/licenses/
nimitz171,https://tyvictoria.github.io/Nimitz-Images/nimitz171.jpg,Chester W. Nimitz Sitz with Legs Crossed ,,19XX,Photograph of Chester W. Nimitz sitting with his legs crossed on what appears to be a pile of ropes covered with a sheet.,"Nimitz, Chester W.",United States,Black and White Photograph,image/jpeg,Image;StillImage,2017.092.008b-145,eng,Nimitz Family Photograph Collection,https://digitalarchive.pacificwarmuseum.org/digital/collection/p16769coll176,Commercial use is prohibited without permission from the National Museum of the Pacific War.,https://creativecommons.org/licenses/
nimitz172,https://tyvictoria.github.io/Nimitz-Images/nimitz172.jpg,Chester W. Nimitz Sits with Children and Man,,19XX,"Photograph of Chester W. Nimitz sits with unidentified children, possibly Chester Nimitz Jr., and unidentified man in a flower patch.","Nimitz, Chester W.; Nimitz, Chester, Jr.; Children; Dogs",United States,Black and White Photograph,image/jpeg,Image;StillImage,2017.092.008b-147,eng,Nimitz Family Photograph Collection,https://digitalarchive.pacificwarmuseum.org/digital/collection/p16769coll177,Commercial use is prohibited without permission from the National Museum of the Pacific War.,https://creativecommons.org/licenses/
nimitz173,https://tyvictoria.github.io/Nimitz-Images/nimitz173.jpg,Chester W. Nimitz Plays with Baby and Dog,,19XX,Photograph of Chester W. Nimitz plays with unidentified baby and dog on beach. ,"Nimitz, Chester W.; Babies; Children; Dogs; Beaches",United States,Black and White Photograph,image/jpeg,Image;StillImage,2017.092.008b-150,eng,Nimitz Family Photograph Collection,https://digitalarchive.pacificwarmuseum.org/digital/collection/p16769coll178,Commercial use is prohibited without permission from the National Museum of the Pacific War.,https://creativecommons.org/licenses/
nimitz174,https://tyvictoria.github.io/Nimitz-Images/nimitz174.jpg,Catherine Nimitz Sits on Couch With Dog,,19XX,Photograph of Catherine Nimitz sitting on the left side of a patterned couch in a floral dress and looking at a note she is holding out in front of her. Next to Mrs. Nimitz sits a Cocker Spaniel named Freckles.,"Nimitz, Catherine Freeman; Dogs; Freckles",United States,Black and White Photograph,image/jpeg,Image;StillImage,2017.092.008d-ff,eng,Nimitz Family Photograph Collection,https://digitalarchive.pacificwarmuseum.org/digital/collection/p16769coll179,Commercial use is prohibited without permission from the National Museum of the Pacific War.,https://creativecommons.org/licenses/
nimitz175,https://tyvictoria.github.io/Nimitz-Images/nimitz175.jpg,Captain Chester W. Nimitz with Naval Officers on the U.S.S. Augusta,,1933/1934~,Photograph of Captain Chester W. Nimitz and U.S. Naval officers in white uniforms on board the U.S.S. Augusta. ,"United States. Navy; Ships; U.S.S. Augusta; Nimitz, Chester W.",United States,Black and White Photograph,image/jpeg,Image;StillImage,2017_092_008c_f,eng,Nimitz Family Photograph Collection,https://digitalarchive.pacificwarmuseum.org/digital/collection/p16769coll180,Commercial use is prohibited without permission from the National Museum of the Pacific War.,https://creativecommons.org/licenses/
nimitz176,https://tyvictoria.github.io/Nimitz-Images/nimitz176.jpg,Chester W. Nimitz and Others,,19XX,"Photograph of Chester W. Nimitz with Mr. and Mrs. Paston, Billy and Jack Ward and a small dog named Sandy in front of a house.","Nimitz, Chester W.; Children; Dogs",United States,Black and White Photograph,image/jpeg,Image;StillImage,2017.092.008b-212-214,eng,Nimitz Family Photograph Collection,https://digitalarchive.pacificwarmuseum.org/digital/collection/p16769coll181,Commercial use is prohibited without permission from the National Museum of the Pacific War.,https://creativecommons.org/licenses/
nimitz177,https://tyvictoria.github.io/Nimitz-Images/nimitz177.jpg,"Chester W. Nimitz and Children, #2",,192X,"Photograph of Chester W. Nimitz with Chester (Chet) W. Nimitz, Catherine (Kate) Nimitz, and Anna (Nancy) Nimitz at overlook. ","Nimitz, Anna; Nimitz, Nancy; Nimitz, Catherine; Nimitz, Kate; Nimitz, Chester, Jr.; Nimitz, Chester W.; Children",United States,Black and White Photograph,image/jpeg,Image;StillImage,2017.092.008b-287,eng,Nimitz Family Photograph Collection,https://digitalarchive.pacificwarmuseum.org/digital/collection/p16769coll182,Commercial use is prohibited without permission from the National Museum of the Pacific War.,https://creativecommons.org/licenses/
nimitz178,https://tyvictoria.github.io/Nimitz-Images/nimitz178.jpg,The Nimitz's and Raymond's,,193X,"Photograph of Anna Nimitz (Nancy), Catherine Nimitz, and Chester W. Nimitz with Mr. and Mrs. Raymond (center and far right). ","United States. Navy; Nimitz, Catherine Freeman; Nimitz, Nancy; Nimitz, Anna; Nimitz, Chester W.; Raymond, Maurice F.; Raymond, Litzka",United States,Black and White Photograph,image/jpeg,Image;StillImage,2017.092.008b-260-262,eng,Nimitz Family Photograph Collection,https://digitalarchive.pacificwarmuseum.org/digital/collection/p16769coll183,Commercial use is prohibited without permission from the National Museum of the Pacific War.,https://creativecommons.org/licenses/
nimitz179,https://tyvictoria.github.io/Nimitz-Images/nimitz179.jpg,Catherine Freeman Nimitz Knitting,,196X,Photograph of Catherine Freeman Nimitz knitting.,"Nimitz, Catherine Freeman",United States,Black and White Photograph,image/jpeg,Image;StillImage,2005.661.259gg,eng,Nimitz Family Photograph Collection,https://digitalarchive.pacificwarmuseum.org/digital/collection/p16769coll184,Commercial use is prohibited without permission from the National Museum of the Pacific War.,https://creativecommons.org/licenses/
nimitz180,https://tyvictoria.github.io/Nimitz-Images/nimitz180.jpg,Catherine Freeman Nimitz Sits on Railing,,19XX,Photograph of Catherine Freeman Nimitz sitting on a railing in a white sleeveless dress and white strappy shoes.,"Nimitz, Catherine Freeman",United States,Black and White Photograph,image/jpeg,Image;StillImage,2005.661.259i,eng,Nimitz Family Photograph Collection,https://digitalarchive.pacificwarmuseum.org/digital/collection/p16769coll185,Commercial use is prohibited without permission from the National Museum of the Pacific War.,https://creativecommons.org/licenses/